asset,weight
USMV,0.35824559960555336
VIG,0.16173197452934077
MTUM,0.14621477306225308
SPY,0.13339670081574725
GLD,0.1328017931231647
VLUE,0.06622627040105637
QUAL,0.0009433907481016985
cash,0.000439497714782681
IJR,8.958517617571102e-17
