regime,GLD,IJR,MTUM,QUAL,SPY,USMV,VIG,VLUE,cash
Recovery,0.42004836342257396,0.0,3.863359337955737e-17,0.0030530461040667823,0.0,0.053368219287359714,0.4735303711859995,0.0,0.05000000000000006
Contraction,0.4715633393241735,0.0,0.47843666067582685,2.7769539783615776e-17,0.0,0.0,0.0,7.588433184236105e-17,0.049999999999999635
Overheating,0.17320802045234823,1.4787383826526437e-16,0.0,1.1164158398349692e-16,0.4547906857045653,0.0,1.6836659523555203e-16,0.3220012938430862,0.04999999999999997
Stagflation,1.1374927518878453e-17,2.6191168369567957e-17,0.23815548313586368,1.5983663258280477e-16,1.7685196716353657e-16,0.7118445168641362,0.0,5.104986607696353e-17,0.050000000000000044
